candidate_index,longitude,latitude,review_result,dataset_label,review_method
0,-68.69581909,-23.74580465,limpio,hard_negative,manual_visual_google_maps_satellite
1,-69.19571176,-25.17707134,limpio,hard_negative,manual_visual_google_maps_satellite
3,-68.90263524,-24.03177126,limpio,hard_negative,manual_visual_google_maps_satellite
6,-67.63983257,-23.83052039,limpio,hard_negative,manual_visual_google_maps_satellite
11,-68.75879981,-23.62116961,limpio,hard_negative,manual_visual_google_maps_satellite
12,-69.12727998,-23.62811772,limpio,hard_negative,manual_visual_google_maps_satellite
14,-69.20624794,-23.06285156,limpio,hard_negative,manual_visual_google_maps_satellite
15,-69.21977085,-23.11092189,limpio,hard_negative,manual_visual_google_maps_satellite
16,-69.10173122,-23.64969199,limpio,hard_negative,manual_visual_google_maps_satellite
18,-69.16507128,-24.51144189,limpio,hard_negative,manual_visual_google_maps_satellite
19,-69.82039624,-23.21107483,limpio,hard_negative,manual_visual_google_maps_satellite
21,-69.7008757,-23.25663535,limpio,hard_negative,manual_visual_google_maps_satellite
22,-67.57929468,-24.03388268,limpio,hard_negative,manual_visual_google_maps_satellite
24,-68.63416818,-23.07875837,limpio,hard_negative,manual_visual_google_maps_satellite
25,-68.91497575,-23.41932969,limpio,hard_negative,manual_visual_google_maps_satellite
26,-68.86972201,-22.68207019,limpio,hard_negative,manual_visual_google_maps_satellite
28,-67.91005749,-23.96620458,limpio,hard_negative,manual_visual_google_maps_satellite
29,-67.95149532,-23.97898066,limpio,hard_negative,manual_visual_google_maps_satellite
30,-68.95085296,-24.05987447,limpio,hard_negative,manual_visual_google_maps_satellite
33,-69.06076779,-24.13553644,limpio,hard_negative,manual_visual_google_maps_satellite
34,-69.33526838,-23.20651598,limpio,hard_negative,manual_visual_google_maps_satellite
35,-68.95146713,-25.31318052,limpio,hard_negative,manual_visual_google_maps_satellite
38,-67.47011437,-24.03459419,limpio,hard_negative,manual_visual_google_maps_satellite
41,-68.64639933,-24.27297787,limpio,hard_negative,manual_visual_google_maps_satellite
43,-69.38871492,-23.21526856,limpio,hard_negative,manual_visual_google_maps_satellite
45,-67.37686478,-23.94329738,limpio,hard_negative,manual_visual_google_maps_satellite
46,-69.08208529,-25.05888824,limpio,hard_negative,manual_visual_google_maps_satellite
48,-68.57052552,-24.55138293,limpio,hard_negative,manual_visual_google_maps_satellite
49,-68.0159436,-24.17865836,limpio,hard_negative,manual_visual_google_maps_satellite
52,-69.03778356,-25.34878705,limpio,hard_negative,manual_visual_google_maps_satellite
53,-67.66593982,-24.1337524,limpio,hard_negative,manual_visual_google_maps_satellite
56,-67.67471789,-23.66709579,limpio,hard_negative,manual_visual_google_maps_satellite
57,-69.85970748,-22.86046513,limpio,hard_negative,manual_visual_google_maps_satellite
58,-68.60030611,-24.71491965,limpio,hard_negative,manual_visual_google_maps_satellite
63,-68.92411949,-22.95292846,limpio,hard_negative,manual_visual_google_maps_satellite
65,-69.0483676,-24.40583329,limpio,hard_negative,manual_visual_google_maps_satellite
67,-69.06908182,-22.81860077,limpio,hard_negative,manual_visual_google_maps_satellite
68,-67.42783175,-24.05267222,limpio,hard_negative,manual_visual_google_maps_satellite
69,-68.73895102,-24.69835732,limpio,hard_negative,manual_visual_google_maps_satellite
70,-68.58103453,-24.72172978,limpio,hard_negative,manual_visual_google_maps_satellite
71,-69.15193554,-24.97264182,limpio,hard_negative,manual_visual_google_maps_satellite
73,-68.93890449,-24.18766842,limpio,hard_negative,manual_visual_google_maps_satellite
75,-68.7522934,-23.10350177,limpio,hard_negative,manual_visual_google_maps_satellite
76,-69.52563376,-23.20236034,limpio,hard_negative,manual_visual_google_maps_satellite
78,-69.09875146,-23.18903647,limpio,hard_negative,manual_visual_google_maps_satellite
82,-68.68128579,-24.14218641,limpio,hard_negative,manual_visual_google_maps_satellite
84,-68.42546597,-25.05540228,limpio,hard_negative,manual_visual_google_maps_satellite
85,-68.97827309,-24.09954506,limpio,hard_negative,manual_visual_google_maps_satellite
86,-68.70905333,-24.96848163,limpio,hard_negative,manual_visual_google_maps_satellite
91,-67.47246645,-23.79383552,limpio,hard_negative,manual_visual_google_maps_satellite
92,-69.01966783,-23.43238857,limpio,hard_negative,manual_visual_google_maps_satellite
95,-68.64825228,-23.182759,limpio,hard_negative,manual_visual_google_maps_satellite
98,-68.82724193,-23.38747236,limpio,hard_negative,manual_visual_google_maps_satellite
100,-68.6159741,-24.88745474,limpio,hard_negative,manual_visual_google_maps_satellite
101,-69.23689378,-23.1314128,limpio,hard_negative,manual_visual_google_maps_satellite
102,-67.86048843,-24.12310562,limpio,hard_negative,manual_visual_google_maps_satellite
103,-68.82041731,-24.65741258,limpio,hard_negative,manual_visual_google_maps_satellite
104,-67.72015262,-23.71372072,limpio,hard_negative,manual_visual_google_maps_satellite
106,-68.7730896,-23.01267502,limpio,hard_negative,manual_visual_google_maps_satellite
107,-69.68091459,-23.24745668,limpio,hard_negative,manual_visual_google_maps_satellite
109,-68.07245718,-24.22718591,limpio,hard_negative,manual_visual_google_maps_satellite
112,-68.56655127,-24.61249399,limpio,hard_negative,manual_visual_google_maps_satellite
114,-68.57234492,-24.84082908,limpio,hard_negative,manual_visual_google_maps_satellite
115,-68.36487842,-25.12157294,limpio,hard_negative,manual_visual_google_maps_satellite
116,-68.99996015,-24.02732046,limpio,hard_negative,manual_visual_google_maps_satellite
118,-69.16351775,-22.95359856,limpio,hard_negative,manual_visual_google_maps_satellite
119,-68.55352907,-23.02231102,limpio,hard_negative,manual_visual_google_maps_satellite
121,-67.75355449,-24.1347556,limpio,hard_negative,manual_visual_google_maps_satellite
122,-68.63928472,-24.70633984,limpio,hard_negative,manual_visual_google_maps_satellite
123,-69.42281744,-23.27955195,limpio,hard_negative,manual_visual_google_maps_satellite
124,-68.74220743,-23.53037147,limpio,hard_negative,manual_visual_google_maps_satellite
125,-67.9858647,-24.10551196,limpio,hard_negative,manual_visual_google_maps_satellite
126,-69.02300264,-23.21628701,limpio,hard_negative,manual_visual_google_maps_satellite
128,-69.13267905,-24.9538834,limpio,hard_negative,manual_visual_google_maps_satellite
129,-68.96305755,-25.35662759,limpio,hard_negative,manual_visual_google_maps_satellite
130,-68.84625559,-23.37653217,limpio,hard_negative,manual_visual_google_maps_satellite
131,-68.72819443,-23.87027746,limpio,hard_negative,manual_visual_google_maps_satellite
132,-68.53688736,-24.67278205,limpio,hard_negative,manual_visual_google_maps_satellite
133,-70.01049169,-23.36879147,limpio,hard_negative,manual_visual_google_maps_satellite
136,-68.67385661,-24.86453531,limpio,hard_negative,manual_visual_google_maps_satellite
139,-67.943131,-24.06212287,limpio,hard_negative,manual_visual_google_maps_satellite
142,-67.81228273,-24.19199563,limpio,hard_negative,manual_visual_google_maps_satellite
143,-68.68421843,-22.98852796,limpio,hard_negative,manual_visual_google_maps_satellite
144,-68.79089078,-23.71910871,limpio,hard_negative,manual_visual_google_maps_satellite
145,-69.19772985,-25.2168985,limpio,hard_negative,manual_visual_google_maps_satellite
147,-69.10740353,-24.94929258,limpio,hard_negative,manual_visual_google_maps_satellite
149,-68.77660509,-23.54868411,limpio,hard_negative,manual_visual_google_maps_satellite
153,-68.55864114,-24.68021122,limpio,hard_negative,manual_visual_google_maps_satellite
154,-68.70831203,-23.82469053,limpio,hard_negative,manual_visual_google_maps_satellite
155,-68.60613193,-23.01221736,limpio,hard_negative,manual_visual_google_maps_satellite
156,-68.71916049,-24.18283006,limpio,hard_negative,manual_visual_google_maps_satellite
157,-68.82551322,-23.94222663,limpio,hard_negative,manual_visual_google_maps_satellite
158,-68.59345816,-24.41139827,limpio,hard_negative,manual_visual_google_maps_satellite
159,-68.70737166,-24.79672675,limpio,hard_negative,manual_visual_google_maps_satellite
160,-68.59857857,-25.24381809,limpio,hard_negative,manual_visual_google_maps_satellite
161,-69.09039601,-23.58822699,limpio,hard_negative,manual_visual_google_maps_satellite
163,-68.03071423,-24.24725354,limpio,hard_negative,manual_visual_google_maps_satellite
164,-68.84689605,-23.0771655,limpio,hard_negative,manual_visual_google_maps_satellite
165,-69.1452027,-25.02435098,limpio,hard_negative,manual_visual_google_maps_satellite
170,-67.4952183,-23.87689356,limpio,hard_negative,manual_visual_google_maps_satellite
172,-68.44272373,-25.11635999,limpio,hard_negative,manual_visual_google_maps_satellite
174,-69.29886538,-23.15407012,limpio,hard_negative,manual_visual_google_maps_satellite
175,-68.71294628,-25.28874407,limpio,hard_negative,manual_visual_google_maps_satellite
176,-67.36068033,-23.92294182,limpio,hard_negative,manual_visual_google_maps_satellite
177,-68.56658799,-23.00514723,limpio,hard_negative,manual_visual_google_maps_satellite
178,-69.01681546,-23.13952468,limpio,hard_negative,manual_visual_google_maps_satellite
181,-68.67863961,-25.23833694,limpio,hard_negative,manual_visual_google_maps_satellite
185,-68.81291509,-24.00374823,limpio,hard_negative,manual_visual_google_maps_satellite
187,-68.83562304,-24.75528772,limpio,hard_negative,manual_visual_google_maps_satellite
189,-67.72535917,-23.44204231,limpio,hard_negative,manual_visual_google_maps_satellite
190,-69.96153251,-23.15025172,limpio,hard_negative,manual_visual_google_maps_satellite
192,-67.68512966,-23.52886842,limpio,hard_negative,manual_visual_google_maps_satellite
194,-67.56604154,-24.05009997,limpio,hard_negative,manual_visual_google_maps_satellite
197,-67.90312334,-24.11289808,limpio,hard_negative,manual_visual_google_maps_satellite
198,-68.93541986,-25.16875392,limpio,hard_negative,manual_visual_google_maps_satellite
199,-67.4763487,-24.09192891,limpio,hard_negative,manual_visual_google_maps_satellite
200,-68.68639053,-25.04452103,limpio,hard_negative,manual_visual_google_maps_satellite
201,-68.66584579,-24.93407211,limpio,hard_negative,manual_visual_google_maps_satellite
202,-69.86917359,-22.86996901,limpio,hard_negative,manual_visual_google_maps_satellite
206,-69.09872355,-23.58217159,limpio,hard_negative,manual_visual_google_maps_satellite
209,-68.8238212,-24.88681707,limpio,hard_negative,manual_visual_google_maps_satellite
210,-67.62250107,-23.78494671,limpio,hard_negative,manual_visual_google_maps_satellite
213,-67.4216616,-24.01569913,limpio,hard_negative,manual_visual_google_maps_satellite
214,-68.724099,-23.82151581,limpio,hard_negative,manual_visual_google_maps_satellite
217,-68.84509632,-23.92925695,limpio,hard_negative,manual_visual_google_maps_satellite
218,-67.75301607,-24.12467609,limpio,hard_negative,manual_visual_google_maps_satellite
220,-67.65190134,-23.80335244,limpio,hard_negative,manual_visual_google_maps_satellite
221,-70.03145253,-23.25463711,limpio,hard_negative,manual_visual_google_maps_satellite
222,-67.90134901,-24.20629196,limpio,hard_negative,manual_visual_google_maps_satellite
227,-68.01483211,-24.22731168,limpio,hard_negative,manual_visual_google_maps_satellite
229,-67.70416568,-24.1465689,limpio,hard_negative,manual_visual_google_maps_satellite
230,-69.47541158,-23.23087986,limpio,hard_negative,manual_visual_google_maps_satellite
231,-67.7000267,-24.09811542,limpio,hard_negative,manual_visual_google_maps_satellite
233,-68.51590562,-25.19496427,limpio,hard_negative,manual_visual_google_maps_satellite
235,-67.47045619,-23.75359538,limpio,hard_negative,manual_visual_google_maps_satellite
237,-68.55759597,-24.46232505,limpio,hard_negative,manual_visual_google_maps_satellite
239,-67.93665259,-24.04479865,limpio,hard_negative,manual_visual_google_maps_satellite
240,-67.86712797,-24.08678396,limpio,hard_negative,manual_visual_google_maps_satellite
243,-69.12338046,-23.84849984,limpio,hard_negative,manual_visual_google_maps_satellite
244,-69.00329168,-23.14354049,limpio,hard_negative,manual_visual_google_maps_satellite
248,-68.6800196,-22.94988203,limpio,hard_negative,manual_visual_google_maps_satellite
249,-69.13081305,-22.85594745,limpio,hard_negative,manual_visual_google_maps_satellite
251,-68.74123591,-23.64485234,limpio,hard_negative,manual_visual_google_maps_satellite
253,-67.87976666,-24.04302843,limpio,hard_negative,manual_visual_google_maps_satellite
254,-68.62265352,-22.80803415,limpio,hard_negative,manual_visual_google_maps_satellite
255,-68.60284823,-24.45098599,limpio,hard_negative,manual_visual_google_maps_satellite
258,-67.61602327,-24.0460993,limpio,hard_negative,manual_visual_google_maps_satellite
259,-67.35534623,-24.00618702,limpio,hard_negative,manual_visual_google_maps_satellite
260,-68.79746089,-24.94837254,limpio,hard_negative,manual_visual_google_maps_satellite
263,-68.82983787,-24.69745862,limpio,hard_negative,manual_visual_google_maps_satellite
265,-69.17030211,-24.6388071,limpio,hard_negative,manual_visual_google_maps_satellite
268,-68.86589874,-24.05844117,limpio,hard_negative,manual_visual_google_maps_satellite
270,-69.09728048,-25.13144917,limpio,hard_negative,manual_visual_google_maps_satellite
278,-69.99454283,-29.40525464,limpio,hard_negative,manual_visual_google_maps_satellite
279,-70.12343565,-29.29715779,limpio,hard_negative,manual_visual_google_maps_satellite
280,-70.21176221,-29.27621018,limpio,hard_negative,manual_visual_google_maps_satellite
281,-70.33476477,-29.2162406,limpio,hard_negative,manual_visual_google_maps_satellite
283,-69.99646127,-29.43875381,limpio,hard_negative,manual_visual_google_maps_satellite
292,-70.24667586,-29.24450234,limpio,hard_negative,manual_visual_google_maps_satellite
294,-68.72213586,-20.05009152,limpio,hard_negative,manual_visual_google_maps_satellite
295,-68.8912654,-19.20425592,limpio,hard_negative,manual_visual_google_maps_satellite
297,-68.90674659,-19.84732066,limpio,hard_negative,manual_visual_google_maps_satellite
298,-68.72212328,-19.47580541,limpio,hard_negative,manual_visual_google_maps_satellite
300,-68.84333774,-20.1680298,limpio,hard_negative,manual_visual_google_maps_satellite
301,-68.59754847,-19.36540547,limpio,hard_negative,manual_visual_google_maps_satellite
302,-68.78784746,-20.03113296,limpio,hard_negative,manual_visual_google_maps_satellite
303,-68.84082658,-20.22871221,limpio,hard_negative,manual_visual_google_maps_satellite
304,-68.56941599,-19.36958869,limpio,hard_negative,manual_visual_google_maps_satellite
305,-68.58611404,-19.84633948,limpio,hard_negative,manual_visual_google_maps_satellite
306,-68.89847507,-19.81083368,limpio,hard_negative,manual_visual_google_maps_satellite
307,-68.76379484,-19.76967624,limpio,hard_negative,manual_visual_google_maps_satellite
309,-70.56662728,-31.54706698,limpio,hard_negative,manual_visual_google_maps_satellite
311,-70.54902444,-30.56566041,limpio,hard_negative,manual_visual_google_maps_satellite
312,-70.44270912,-31.87071584,limpio,hard_negative,manual_visual_google_maps_satellite
313,-70.52429439,-31.98480988,limpio,hard_negative,manual_visual_google_maps_satellite
314,-70.32315652,-31.90170879,limpio,hard_negative,manual_visual_google_maps_satellite
315,-70.41771861,-31.10410718,limpio,hard_negative,manual_visual_google_maps_satellite
318,-70.6774026,-31.58109383,limpio,hard_negative,manual_visual_google_maps_satellite
319,-70.4805288,-32.13035868,limpio,hard_negative,manual_visual_google_maps_satellite
320,-70.58105111,-31.30013131,limpio,hard_negative,manual_visual_google_maps_satellite
322,-70.39414192,-32.20002804,limpio,hard_negative,manual_visual_google_maps_satellite
323,-70.30872036,-31.92517282,limpio,hard_negative,manual_visual_google_maps_satellite
326,-70.62441875,-31.58586482,limpio,hard_negative,manual_visual_google_maps_satellite
328,-70.56708076,-32.15305961,limpio,hard_negative,manual_visual_google_maps_satellite
329,-70.40224486,-31.15757771,limpio,hard_negative,manual_visual_google_maps_satellite
330,-70.49515968,-32.07714853,limpio,hard_negative,manual_visual_google_maps_satellite
334,-70.64738199,-31.39326295,limpio,hard_negative,manual_visual_google_maps_satellite
335,-70.56083367,-31.66107796,limpio,hard_negative,manual_visual_google_maps_satellite
337,-70.55305443,-31.27950754,limpio,hard_negative,manual_visual_google_maps_satellite
338,-70.25608463,-31.95670367,limpio,hard_negative,manual_visual_google_maps_satellite
340,-70.34878677,-32.10798181,limpio,hard_negative,manual_visual_google_maps_satellite
341,-70.5901203,-31.33147417,limpio,hard_negative,manual_visual_google_maps_satellite
342,-70.84364158,-31.69117415,limpio,hard_negative,manual_visual_google_maps_satellite
344,-70.48587561,-31.90643776,limpio,hard_negative,manual_visual_google_maps_satellite
348,-70.51209074,-31.76252697,limpio,hard_negative,manual_visual_google_maps_satellite
349,-70.43518697,-32.20375727,limpio,hard_negative,manual_visual_google_maps_satellite
351,-70.5451618,-31.80670166,limpio,hard_negative,manual_visual_google_maps_satellite
353,-70.59264451,-31.76719681,limpio,hard_negative,manual_visual_google_maps_satellite
355,-70.37505129,-32.20063979,limpio,hard_negative,manual_visual_google_maps_satellite
359,-70.36840118,-32.07392991,limpio,hard_negative,manual_visual_google_maps_satellite
361,-70.57469514,-31.68964686,limpio,hard_negative,manual_visual_google_maps_satellite
366,-70.73675319,-31.88873272,limpio,hard_negative,manual_visual_google_maps_satellite
369,-70.61109419,-30.99004027,limpio,hard_negative,manual_visual_google_maps_satellite
371,-70.44092863,-32.21549659,limpio,hard_negative,manual_visual_google_maps_satellite
372,-70.6298167,-30.65471214,limpio,hard_negative,manual_visual_google_maps_satellite
373,-70.448516,-31.0617571,limpio,hard_negative,manual_visual_google_maps_satellite
374,-70.3906842,-31.08933375,limpio,hard_negative,manual_visual_google_maps_satellite
375,-70.30288202,-30.72771822,limpio,hard_negative,manual_visual_google_maps_satellite
376,-70.77024654,-30.95725209,limpio,hard_negative,manual_visual_google_maps_satellite
378,-70.33934053,-31.98994491,limpio,hard_negative,manual_visual_google_maps_satellite
379,-70.33414515,-32.23968005,limpio,hard_negative,manual_visual_google_maps_satellite
380,-70.90183265,-31.99525379,limpio,hard_negative,manual_visual_google_maps_satellite
383,-70.40078461,-31.14332752,limpio,hard_negative,manual_visual_google_maps_satellite
384,-70.64070543,-31.55246481,limpio,hard_negative,manual_visual_google_maps_satellite
386,-70.36654142,-31.88575515,limpio,hard_negative,manual_visual_google_maps_satellite
388,-70.33838863,-32.01084591,limpio,hard_negative,manual_visual_google_maps_satellite
389,-70.60907658,-31.6611237,limpio,hard_negative,manual_visual_google_maps_satellite
390,-70.47418569,-31.04400896,limpio,hard_negative,manual_visual_google_maps_satellite
391,-70.4784653,-32.10229585,limpio,hard_negative,manual_visual_google_maps_satellite
393,-70.39474513,-32.21177063,limpio,hard_negative,manual_visual_google_maps_satellite
394,-70.72680388,-30.99984898,limpio,hard_negative,manual_visual_google_maps_satellite
395,-70.54088611,-31.67558842,limpio,hard_negative,manual_visual_google_maps_satellite
396,-70.4345705,-30.86022625,limpio,hard_negative,manual_visual_google_maps_satellite
401,-70.55305367,-32.1636163,limpio,hard_negative,manual_visual_google_maps_satellite
402,-70.27976286,-30.75244506,limpio,hard_negative,manual_visual_google_maps_satellite
405,-70.83592984,-31.559926,limpio,hard_negative,manual_visual_google_maps_satellite
411,-70.50360212,-31.10447826,limpio,hard_negative,manual_visual_google_maps_satellite
412,-70.55516404,-31.34858579,limpio,hard_negative,manual_visual_google_maps_satellite
413,-70.760381,-31.45788293,limpio,hard_negative,manual_visual_google_maps_satellite
414,-70.63376835,-30.59287447,limpio,hard_negative,manual_visual_google_maps_satellite
416,-70.5676234,-30.57717586,limpio,hard_negative,manual_visual_google_maps_satellite
418,-70.50326874,-31.80229465,limpio,hard_negative,manual_visual_google_maps_satellite
423,-70.47266498,-31.88824169,limpio,hard_negative,manual_visual_google_maps_satellite
424,-70.42959774,-31.02114503,limpio,hard_negative,manual_visual_google_maps_satellite
425,-70.61006462,-31.7258744,limpio,hard_negative,manual_visual_google_maps_satellite
426,-71.24407482,-31.71700349,limpio,hard_negative,manual_visual_google_maps_satellite
427,-70.35337552,-30.93362832,limpio,hard_negative,manual_visual_google_maps_satellite
428,-70.4371252,-30.96382044,limpio,hard_negative,manual_visual_google_maps_satellite
429,-70.53370028,-31.08602832,limpio,hard_negative,manual_visual_google_maps_satellite
431,-70.53901745,-30.9021802,limpio,hard_negative,manual_visual_google_maps_satellite
432,-70.5877691,-32.11805478,limpio,hard_negative,manual_visual_google_maps_satellite
433,-70.36822423,-31.91804078,limpio,hard_negative,manual_visual_google_maps_satellite
434,-70.34052267,-30.73893329,limpio,hard_negative,manual_visual_google_maps_satellite
436,-70.27278253,-30.71424757,limpio,hard_negative,manual_visual_google_maps_satellite
441,-70.42868323,-31.90684126,limpio,hard_negative,manual_visual_google_maps_satellite
442,-70.6966142,-32.01854884,limpio,hard_negative,manual_visual_google_maps_satellite
443,-70.40091235,-32.10021764,limpio,hard_negative,manual_visual_google_maps_satellite
445,-70.45593443,-32.15550293,limpio,hard_negative,manual_visual_google_maps_satellite
448,-70.2691361,-30.70414492,limpio,hard_negative,manual_visual_google_maps_satellite
449,-71.54863751,-30.67489092,limpio,hard_negative,manual_visual_google_maps_satellite
453,-70.37130779,-31.90565063,limpio,hard_negative,manual_visual_google_maps_satellite
454,-70.38651066,-32.22452388,limpio,hard_negative,manual_visual_google_maps_satellite
455,-70.57248122,-31.99991704,limpio,hard_negative,manual_visual_google_maps_satellite
458,-70.31621956,-32.00399982,limpio,hard_negative,manual_visual_google_maps_satellite
459,-70.60470903,-31.37403975,limpio,hard_negative,manual_visual_google_maps_satellite
460,-70.85885087,-31.66648184,limpio,hard_negative,manual_visual_google_maps_satellite
461,-70.40965207,-32.27269372,limpio,hard_negative,manual_visual_google_maps_satellite
463,-70.4791849,-32.15329618,limpio,hard_negative,manual_visual_google_maps_satellite
465,-70.50067301,-31.95084126,limpio,hard_negative,manual_visual_google_maps_satellite
466,-70.33351307,-30.78179655,limpio,hard_negative,manual_visual_google_maps_satellite
467,-70.30350412,-31.94358838,limpio,hard_negative,manual_visual_google_maps_satellite
469,-70.71665344,-30.70562477,limpio,hard_negative,manual_visual_google_maps_satellite
470,-70.45119299,-32.08822989,limpio,hard_negative,manual_visual_google_maps_satellite
475,-71.10439316,-31.75210886,limpio,hard_negative,manual_visual_google_maps_satellite
476,-70.63051171,-31.74718785,limpio,hard_negative,manual_visual_google_maps_satellite
477,-70.32453044,-31.92119812,limpio,hard_negative,manual_visual_google_maps_satellite
480,-70.41189826,-32.24248294,limpio,hard_negative,manual_visual_google_maps_satellite
481,-70.31180354,-31.90676518,limpio,hard_negative,manual_visual_google_maps_satellite
483,-70.68604068,-31.40755291,limpio,hard_negative,manual_visual_google_maps_satellite
486,-70.70566595,-31.08730902,limpio,hard_negative,manual_visual_google_maps_satellite
487,-70.43199123,-31.00838072,limpio,hard_negative,manual_visual_google_maps_satellite
488,-70.33724704,-32.17529666,limpio,hard_negative,manual_visual_google_maps_satellite
489,-70.56323729,-31.88450328,limpio,hard_negative,manual_visual_google_maps_satellite
490,-70.84118438,-32.0247096,limpio,hard_negative,manual_visual_google_maps_satellite
491,-70.31649187,-30.77179823,limpio,hard_negative,manual_visual_google_maps_satellite
495,-70.33141014,-32.15093939,limpio,hard_negative,manual_visual_google_maps_satellite
497,-70.12679071,-29.08336487,limpio,hard_negative,manual_visual_google_maps_satellite
498,-69.96673855,-29.26047971,limpio,hard_negative,manual_visual_google_maps_satellite
499,-70.11761027,-29.01561564,limpio,hard_negative,manual_visual_google_maps_satellite
500,-70.05212236,-29.19179835,limpio,hard_negative,manual_visual_google_maps_satellite
501,-70.13725011,-29.26907713,limpio,hard_negative,manual_visual_google_maps_satellite
503,-69.98348519,-29.21820767,limpio,hard_negative,manual_visual_google_maps_satellite
504,-70.0796681,-29.23727768,limpio,hard_negative,manual_visual_google_maps_satellite
505,-70.1417345,-29.29174391,limpio,hard_negative,manual_visual_google_maps_satellite
508,-68.71913919,-19.81935252,limpio,hard_negative,manual_visual_google_maps_satellite
509,-68.72996703,-19.48219502,limpio,hard_negative,manual_visual_google_maps_satellite
511,-70.23019522,-30.2364944,limpio,hard_negative,manual_visual_google_maps_satellite
512,-70.29334287,-29.7912408,limpio,hard_negative,manual_visual_google_maps_satellite
516,-70.5413916,-29.9633307,limpio,hard_negative,manual_visual_google_maps_satellite
520,-70.25223589,-30.35142473,limpio,hard_negative,manual_visual_google_maps_satellite
523,-69.92986052,-29.96150715,limpio,hard_negative,manual_visual_google_maps_satellite
524,-70.45821705,-30.33897917,limpio,hard_negative,manual_visual_google_maps_satellite
525,-69.89298812,-30.1531426,limpio,hard_negative,manual_visual_google_maps_satellite
526,-69.91641598,-29.95141768,limpio,hard_negative,manual_visual_google_maps_satellite
527,-70.14906137,-30.30798782,limpio,hard_negative,manual_visual_google_maps_satellite
529,-69.94542495,-29.82310385,limpio,hard_negative,manual_visual_google_maps_satellite
531,-70.16910984,-29.81589669,limpio,hard_negative,manual_visual_google_maps_satellite
533,-69.91170624,-30.15577258,limpio,hard_negative,manual_visual_google_maps_satellite
534,-70.21591099,-30.4433538,limpio,hard_negative,manual_visual_google_maps_satellite
535,-70.13604011,-30.24325589,limpio,hard_negative,manual_visual_google_maps_satellite
538,-70.24201482,-30.07961359,limpio,hard_negative,manual_visual_google_maps_satellite
541,-70.249832,-30.12776574,limpio,hard_negative,manual_visual_google_maps_satellite
543,-69.95546032,-29.89194656,limpio,hard_negative,manual_visual_google_maps_satellite
544,-70.17225518,-30.36184563,limpio,hard_negative,manual_visual_google_maps_satellite
545,-70.15260609,-29.79401907,limpio,hard_negative,manual_visual_google_maps_satellite
546,-69.90709407,-29.88981968,limpio,hard_negative,manual_visual_google_maps_satellite
548,-69.97354079,-29.75471835,limpio,hard_negative,manual_visual_google_maps_satellite
549,-70.15934203,-30.31538721,limpio,hard_negative,manual_visual_google_maps_satellite
551,-70.0085853,-29.81576261,limpio,hard_negative,manual_visual_google_maps_satellite
552,-69.94293985,-30.35244362,limpio,hard_negative,manual_visual_google_maps_satellite
557,-69.93440213,-30.25430589,limpio,hard_negative,manual_visual_google_maps_satellite
560,-70.27981767,-30.30824828,limpio,hard_negative,manual_visual_google_maps_satellite
561,-69.92410778,-30.15597132,limpio,hard_negative,manual_visual_google_maps_satellite
563,-69.99429182,-29.78735855,limpio,hard_negative,manual_visual_google_maps_satellite
564,-69.91547202,-29.74442235,limpio,hard_negative,manual_visual_google_maps_satellite
565,-70.02406357,-29.86725285,limpio,hard_negative,manual_visual_google_maps_satellite
566,-69.95020719,-29.79306889,limpio,hard_negative,manual_visual_google_maps_satellite
567,-70.01982755,-30.27468759,limpio,hard_negative,manual_visual_google_maps_satellite
568,-70.01669328,-30.32791813,limpio,hard_negative,manual_visual_google_maps_satellite
569,-70.15478135,-30.14391425,limpio,hard_negative,manual_visual_google_maps_satellite
570,-70.31805933,-30.25716961,limpio,hard_negative,manual_visual_google_maps_satellite
571,-69.92231155,-29.88091152,limpio,hard_negative,manual_visual_google_maps_satellite
572,-70.13481499,-30.27457222,limpio,hard_negative,manual_visual_google_maps_satellite
573,-70.27047271,-30.40374731,limpio,hard_negative,manual_visual_google_maps_satellite
574,-70.30587751,-29.86266751,limpio,hard_negative,manual_visual_google_maps_satellite
575,-70.24076339,-30.18281882,limpio,hard_negative,manual_visual_google_maps_satellite
576,-69.83626136,-29.02179376,limpio,hard_negative,manual_visual_google_maps_satellite
577,-69.9401916,-28.61342569,limpio,hard_negative,manual_visual_google_maps_satellite
578,-69.89175328,-28.8903516,limpio,hard_negative,manual_visual_google_maps_satellite
579,-69.95035259,-29.25007477,limpio,hard_negative,manual_visual_google_maps_satellite
581,-69.97760775,-28.75457073,limpio,hard_negative,manual_visual_google_maps_satellite
582,-69.81168091,-28.84322998,limpio,hard_negative,manual_visual_google_maps_satellite
583,-69.88108324,-28.80956809,limpio,hard_negative,manual_visual_google_maps_satellite
584,-70.00329541,-28.7902405,limpio,hard_negative,manual_visual_google_maps_satellite
586,-68.92900273,-26.51889195,limpio,hard_negative,manual_visual_google_maps_satellite
587,-68.80088788,-26.67947581,limpio,hard_negative,manual_visual_google_maps_satellite
588,-69.05448421,-26.47255949,limpio,hard_negative,manual_visual_google_maps_satellite
590,-68.70534738,-26.65757288,limpio,hard_negative,manual_visual_google_maps_satellite
591,-68.80070347,-26.61454801,limpio,hard_negative,manual_visual_google_maps_satellite
592,-68.7391161,-26.68015718,limpio,hard_negative,manual_visual_google_maps_satellite
594,-68.72408602,-26.68446614,limpio,hard_negative,manual_visual_google_maps_satellite
595,-68.74343147,-26.63328724,limpio,hard_negative,manual_visual_google_maps_satellite
596,-68.71583573,-26.65784538,limpio,hard_negative,manual_visual_google_maps_satellite
602,-70.3698339,-32.42602967,limpio,hard_negative,manual_visual_google_maps_satellite
608,-70.16651966,-32.45989567,limpio,hard_negative,manual_visual_google_maps_satellite
609,-70.07326078,-32.86917541,limpio,hard_negative,manual_visual_google_maps_satellite
612,-70.94120503,-32.90270307,limpio,hard_negative,manual_visual_google_maps_satellite
613,-70.03112076,-32.90544223,limpio,hard_negative,manual_visual_google_maps_satellite
619,-70.34772535,-32.43806068,limpio,hard_negative,manual_visual_google_maps_satellite
620,-70.19719751,-32.52063122,limpio,hard_negative,manual_visual_google_maps_satellite
621,-70.22994373,-32.49287513,limpio,hard_negative,manual_visual_google_maps_satellite
623,-71.13038047,-33.09850775,limpio,hard_negative,manual_visual_google_maps_satellite
624,-69.98478685,-29.61113902,limpio,hard_negative,manual_visual_google_maps_satellite
625,-70.09447041,-32.82005373,limpio,hard_negative,manual_visual_google_maps_satellite
626,-71.25438437,-33.24336405,limpio,hard_negative,manual_visual_google_maps_satellite
627,-71.06519666,-32.67512113,limpio,hard_negative,manual_visual_google_maps_satellite
631,-70.22809215,-29.55346617,limpio,hard_negative,manual_visual_google_maps_satellite
633,-70.46849022,-32.58976775,limpio,hard_negative,manual_visual_google_maps_satellite
634,-70.98201773,-32.96588076,limpio,hard_negative,manual_visual_google_maps_satellite
636,-71.40503785,-32.77452886,limpio,hard_negative,manual_visual_google_maps_satellite
637,-70.14177324,-32.53071573,limpio,hard_negative,manual_visual_google_maps_satellite
638,-70.36393412,-32.60157849,limpio,hard_negative,manual_visual_google_maps_satellite
639,-70.58990408,-32.07401143,limpio,hard_negative,manual_visual_google_maps_satellite
640,-71.03321885,-33.13119961,limpio,hard_negative,manual_visual_google_maps_satellite
644,-70.0182262,-32.90124051,limpio,hard_negative,manual_visual_google_maps_satellite
646,-69.9722163,-29.64874981,limpio,hard_negative,manual_visual_google_maps_satellite
647,-70.36236002,-33.10051003,limpio,hard_negative,manual_visual_google_maps_satellite
648,-70.16944832,-32.51799656,limpio,hard_negative,manual_visual_google_maps_satellite
652,-71.05418934,-32.66452976,limpio,hard_negative,manual_visual_google_maps_satellite
654,-70.29340635,-32.35595061,limpio,hard_negative,manual_visual_google_maps_satellite
656,-70.29337744,-33.0409671,limpio,hard_negative,manual_visual_google_maps_satellite
657,-70.0992766,-32.97497928,limpio,hard_negative,manual_visual_google_maps_satellite
658,-70.09551157,-32.91755708,limpio,hard_negative,manual_visual_google_maps_satellite
659,-70.23269394,-29.54391585,limpio,hard_negative,manual_visual_google_maps_satellite
660,-70.17636944,-32.78660166,limpio,hard_negative,manual_visual_google_maps_satellite
666,-70.27692939,-30.6329416,limpio,hard_negative,manual_visual_google_maps_satellite
667,-70.18200895,-32.51777633,limpio,hard_negative,manual_visual_google_maps_satellite
669,-69.96956611,-29.50961849,limpio,hard_negative,manual_visual_google_maps_satellite
670,-70.23326061,-32.36218566,limpio,hard_negative,manual_visual_google_maps_satellite
673,-70.07096975,-32.99747286,limpio,hard_negative,manual_visual_google_maps_satellite
678,-71.45377713,-33.34719691,limpio,hard_negative,manual_visual_google_maps_satellite
680,-70.24043716,-32.48315933,limpio,hard_negative,manual_visual_google_maps_satellite
681,-71.07224718,-33.22413693,limpio,hard_negative,manual_visual_google_maps_satellite
682,-70.97210756,-32.36797929,limpio,hard_negative,manual_visual_google_maps_satellite
683,-70.21424644,-32.72009424,limpio,hard_negative,manual_visual_google_maps_satellite
687,-70.1916218,-32.59931187,limpio,hard_negative,manual_visual_google_maps_satellite
688,-70.95394684,-32.36197338,limpio,hard_negative,manual_visual_google_maps_satellite
689,-70.47491831,-32.3734489,limpio,hard_negative,manual_visual_google_maps_satellite
690,-70.49646202,-32.58359657,limpio,hard_negative,manual_visual_google_maps_satellite
693,-70.19393697,-32.96003144,limpio,hard_negative,manual_visual_google_maps_satellite
696,-70.11609571,-32.99040654,limpio,hard_negative,manual_visual_google_maps_satellite
697,-70.28326524,-32.42839314,limpio,hard_negative,manual_visual_google_maps_satellite
702,-70.30395579,-32.73194587,limpio,hard_negative,manual_visual_google_maps_satellite
703,-70.04875369,-29.58546276,limpio,hard_negative,manual_visual_google_maps_satellite
706,-69.92643818,-29.72083546,limpio,hard_negative,manual_visual_google_maps_satellite
707,-70.37493592,-32.41278269,limpio,hard_negative,manual_visual_google_maps_satellite
708,-70.38152072,-32.79363969,limpio,hard_negative,manual_visual_google_maps_satellite
711,-69.95584742,-29.50726379,limpio,hard_negative,manual_visual_google_maps_satellite
712,-71.55111977,-33.21303877,limpio,hard_negative,manual_visual_google_maps_satellite
714,-70.18603326,-32.70378356,limpio,hard_negative,manual_visual_google_maps_satellite
716,-70.23215419,-32.6642926,limpio,hard_negative,manual_visual_google_maps_satellite
719,-70.79354607,-32.90098725,limpio,hard_negative,manual_visual_google_maps_satellite
723,-70.2811749,-32.4393075,limpio,hard_negative,manual_visual_google_maps_satellite
724,-70.16433181,-29.63749724,limpio,hard_negative,manual_visual_google_maps_satellite
728,-71.0620905,-32.8116676,limpio,hard_negative,manual_visual_google_maps_satellite
729,-71.06973288,-32.60240836,limpio,hard_negative,manual_visual_google_maps_satellite
731,-70.41417221,-32.35549914,limpio,hard_negative,manual_visual_google_maps_satellite
734,-71.50483964,-33.23955651,limpio,hard_negative,manual_visual_google_maps_satellite
736,-71.39352244,-32.43161064,limpio,hard_negative,manual_visual_google_maps_satellite
739,-70.14634668,-32.508651,limpio,hard_negative,manual_visual_google_maps_satellite
744,-70.97758045,-32.95475708,limpio,hard_negative,manual_visual_google_maps_satellite
746,-71.0665998,-32.56490676,limpio,hard_negative,manual_visual_google_maps_satellite
747,-71.02196167,-32.42755624,limpio,hard_negative,manual_visual_google_maps_satellite
749,-71.34282682,-32.83221589,limpio,hard_negative,manual_visual_google_maps_satellite
750,-70.22490596,-32.83784222,limpio,hard_negative,manual_visual_google_maps_satellite
751,-70.37302268,-33.09093662,limpio,hard_negative,manual_visual_google_maps_satellite
754,-71.13540756,-32.71614401,limpio,hard_negative,manual_visual_google_maps_satellite
755,-71.12503585,-33.00360249,limpio,hard_negative,manual_visual_google_maps_satellite
756,-71.40933029,-32.68038648,limpio,hard_negative,manual_visual_google_maps_satellite
757,-70.17971639,-32.48568331,limpio,hard_negative,manual_visual_google_maps_satellite
758,-71.17463205,-33.18482212,limpio,hard_negative,manual_visual_google_maps_satellite
760,-70.17742739,-29.57964259,limpio,hard_negative,manual_visual_google_maps_satellite
763,-71.61398161,-33.25132394,limpio,hard_negative,manual_visual_google_maps_satellite
765,-70.28516471,-32.51549032,limpio,hard_negative,manual_visual_google_maps_satellite
768,-70.28353585,-32.49127659,limpio,hard_negative,manual_visual_google_maps_satellite
774,-71.36217465,-33.25404843,limpio,hard_negative,manual_visual_google_maps_satellite
781,-70.54346426,-32.92224367,limpio,hard_negative,manual_visual_google_maps_satellite
796,-70.21111294,-32.62371607,limpio,hard_negative,manual_visual_google_maps_satellite
797,-70.27284714,-32.34983839,limpio,hard_negative,manual_visual_google_maps_satellite
798,-71.06823095,-32.61912347,limpio,hard_negative,manual_visual_google_maps_satellite
805,-70.29106298,-29.51975327,limpio,hard_negative,manual_visual_google_maps_satellite
809,-70.99009161,-32.91830354,limpio,hard_negative,manual_visual_google_maps_satellite
825,-70.53668674,-32.38874712,limpio,hard_negative,manual_visual_google_maps_satellite
831,-70.27732359,-33.1009034,limpio,hard_negative,manual_visual_google_maps_satellite
842,-71.59355428,-33.21909256,limpio,hard_negative,manual_visual_google_maps_satellite
865,-67.50624342,-22.97740545,limpio,hard_negative,manual_visual_google_maps_satellite
867,-67.53769014,-22.97231119,limpio,hard_negative,manual_visual_google_maps_satellite
873,-67.04700922,-22.95685856,limpio,hard_negative,manual_visual_google_maps_satellite
875,-67.07211723,-22.96416246,limpio,hard_negative,manual_visual_google_maps_satellite
880,-68.08524287,-22.55211133,limpio,hard_negative,manual_visual_google_maps_satellite
881,-68.030184,-22.54081213,limpio,hard_negative,manual_visual_google_maps_satellite
882,-67.09582559,-22.96155131,limpio,hard_negative,manual_visual_google_maps_satellite
883,-68.07394119,-22.66165108,limpio,hard_negative,manual_visual_google_maps_satellite
884,-68.08030411,-22.6904484,limpio,hard_negative,manual_visual_google_maps_satellite
886,-69.94977888,-29.97748034,limpio,hard_negative,manual_visual_google_maps_satellite
887,-70.11678227,-29.79025241,limpio,hard_negative,manual_visual_google_maps_satellite
888,-69.8983489,-30.13572276,limpio,hard_negative,manual_visual_google_maps_satellite
889,-70.19481012,-34.04536948,limpio,hard_negative,manual_visual_google_maps_satellite
890,-70.20701965,-33.95218857,limpio,hard_negative,manual_visual_google_maps_satellite
892,-70.06256322,-34.18920919,limpio,hard_negative,manual_visual_google_maps_satellite
893,-70.55296495,-34.48763754,limpio,hard_negative,manual_visual_google_maps_satellite
894,-69.95346881,-33.6654622,limpio,hard_negative,manual_visual_google_maps_satellite
895,-70.62391627,-34.42339462,limpio,hard_negative,manual_visual_google_maps_satellite
896,-70.03852193,-33.49967533,limpio,hard_negative,manual_visual_google_maps_satellite
898,-70.3941522,-33.86013003,limpio,hard_negative,manual_visual_google_maps_satellite
899,-70.03720992,-34.18365854,limpio,hard_negative,manual_visual_google_maps_satellite
901,-70.2101403,-34.03804442,limpio,hard_negative,manual_visual_google_maps_satellite
902,-70.64234315,-34.31778843,limpio,hard_negative,manual_visual_google_maps_satellite
903,-69.91723533,-33.863949,limpio,hard_negative,manual_visual_google_maps_satellite
904,-69.96938081,-33.7465141,limpio,hard_negative,manual_visual_google_maps_satellite
905,-70.18948545,-34.54410566,limpio,hard_negative,manual_visual_google_maps_satellite
906,-70.42684232,-34.49412659,limpio,hard_negative,manual_visual_google_maps_satellite
908,-70.05890302,-33.90280832,limpio,hard_negative,manual_visual_google_maps_satellite
910,-70.04136504,-33.46843048,limpio,hard_negative,manual_visual_google_maps_satellite
912,-70.04184118,-34.01206381,limpio,hard_negative,manual_visual_google_maps_satellite
913,-70.25681936,-34.4844203,limpio,hard_negative,manual_visual_google_maps_satellite
914,-70.68904808,-34.36881898,limpio,hard_negative,manual_visual_google_maps_satellite
915,-71.115416,-34.31979057,limpio,hard_negative,manual_visual_google_maps_satellite
916,-70.3850696,-34.18612962,limpio,hard_negative,manual_visual_google_maps_satellite
921,-69.97490941,-33.54531674,limpio,hard_negative,manual_visual_google_maps_satellite
922,-70.34763114,-33.85076281,limpio,hard_negative,manual_visual_google_maps_satellite
923,-70.31616615,-34.39804562,limpio,hard_negative,manual_visual_google_maps_satellite
924,-70.02851352,-33.96806776,limpio,hard_negative,manual_visual_google_maps_satellite
925,-70.06729895,-34.2652358,limpio,hard_negative,manual_visual_google_maps_satellite
927,-70.09383198,-34.12548566,limpio,hard_negative,manual_visual_google_maps_satellite
928,-70.13267196,-33.66588751,limpio,hard_negative,manual_visual_google_maps_satellite
929,-70.04261212,-33.9918558,limpio,hard_negative,manual_visual_google_maps_satellite
930,-70.19462616,-34.06204443,limpio,hard_negative,manual_visual_google_maps_satellite
932,-69.92194059,-33.89858881,limpio,hard_negative,manual_visual_google_maps_satellite
935,-70.3976574,-33.66344876,limpio,hard_negative,manual_visual_google_maps_satellite
936,-70.31113919,-34.04166898,limpio,hard_negative,manual_visual_google_maps_satellite
937,-70.35568472,-34.11479358,limpio,hard_negative,manual_visual_google_maps_satellite
938,-70.05529431,-33.42181562,limpio,hard_negative,manual_visual_google_maps_satellite
939,-71.0739692,-34.31208213,limpio,hard_negative,manual_visual_google_maps_satellite
940,-70.72793839,-34.5381013,limpio,hard_negative,manual_visual_google_maps_satellite
948,-70.09370066,-34.4065069,limpio,hard_negative,manual_visual_google_maps_satellite
951,-70.03440609,-34.00187768,limpio,hard_negative,manual_visual_google_maps_satellite
952,-70.25942604,-33.63227748,limpio,hard_negative,manual_visual_google_maps_satellite
953,-70.32419072,-33.8622538,limpio,hard_negative,manual_visual_google_maps_satellite
954,-70.02430014,-34.03618575,limpio,hard_negative,manual_visual_google_maps_satellite
955,-70.68087169,-34.41461814,limpio,hard_negative,manual_visual_google_maps_satellite
956,-69.93070046,-33.55505176,limpio,hard_negative,manual_visual_google_maps_satellite
957,-69.91426359,-33.44429314,limpio,hard_negative,manual_visual_google_maps_satellite
958,-69.96300623,-33.7286275,limpio,hard_negative,manual_visual_google_maps_satellite
959,-70.83626449,-34.57648046,limpio,hard_negative,manual_visual_google_maps_satellite
960,-70.03295973,-34.15339467,limpio,hard_negative,manual_visual_google_maps_satellite
961,-70.04197569,-34.04101661,limpio,hard_negative,manual_visual_google_maps_satellite
962,-70.09252291,-34.23892944,limpio,hard_negative,manual_visual_google_maps_satellite
963,-70.20819775,-34.55362985,limpio,hard_negative,manual_visual_google_maps_satellite
964,-70.25254182,-33.61808062,limpio,hard_negative,manual_visual_google_maps_satellite
965,-70.34985093,-33.89222241,limpio,hard_negative,manual_visual_google_maps_satellite
966,-70.24195864,-34.49318269,limpio,hard_negative,manual_visual_google_maps_satellite
970,-70.02617954,-33.30103775,limpio,hard_negative,manual_visual_google_maps_satellite
972,-70.01714081,-33.62405177,limpio,hard_negative,manual_visual_google_maps_satellite
973,-69.85079209,-33.29374968,limpio,hard_negative,manual_visual_google_maps_satellite
981,-70.22978035,-33.67514885,limpio,hard_negative,manual_visual_google_maps_satellite
983,-70.71099779,-34.43175469,limpio,hard_negative,manual_visual_google_maps_satellite
988,-70.54852261,-34.33255767,limpio,hard_negative,manual_visual_google_maps_satellite
990,-70.02385835,-34.18893372,limpio,hard_negative,manual_visual_google_maps_satellite
991,-69.92977627,-33.6793611,limpio,hard_negative,manual_visual_google_maps_satellite
992,-71.05502981,-34.3053786,limpio,hard_negative,manual_visual_google_maps_satellite
993,-70.40401108,-33.83993538,limpio,hard_negative,manual_visual_google_maps_satellite
994,-70.11050738,-34.17178168,limpio,hard_negative,manual_visual_google_maps_satellite
995,-70.18187075,-33.67205608,limpio,hard_negative,manual_visual_google_maps_satellite
1000,-69.94037447,-33.6409817,limpio,hard_negative,manual_visual_google_maps_satellite
1001,-70.16355622,-34.23611431,limpio,hard_negative,manual_visual_google_maps_satellite
1002,-70.71238809,-34.60505133,limpio,hard_negative,manual_visual_google_maps_satellite
1003,-69.92712772,-33.33659832,limpio,hard_negative,manual_visual_google_maps_satellite
1004,-70.13087699,-33.54510358,limpio,hard_negative,manual_visual_google_maps_satellite
1005,-70.02371852,-34.02400281,limpio,hard_negative,manual_visual_google_maps_satellite
1006,-70.26482819,-34.51079066,limpio,hard_negative,manual_visual_google_maps_satellite
1007,-70.40489339,-34.09146819,limpio,hard_negative,manual_visual_google_maps_satellite
1009,-70.35720316,-34.12438334,limpio,hard_negative,manual_visual_google_maps_satellite
1010,-69.99922405,-33.40252748,limpio,hard_negative,manual_visual_google_maps_satellite
1013,-70.09180967,-33.96555176,limpio,hard_negative,manual_visual_google_maps_satellite
1015,-70.05189211,-34.00863734,limpio,hard_negative,manual_visual_google_maps_satellite
1016,-70.26865389,-34.54984685,limpio,hard_negative,manual_visual_google_maps_satellite
1017,-70.08400382,-34.24797448,limpio,hard_negative,manual_visual_google_maps_satellite
1018,-70.05593363,-34.09393219,limpio,hard_negative,manual_visual_google_maps_satellite
1019,-70.04118727,-33.56343041,limpio,hard_negative,manual_visual_google_maps_satellite
1020,-69.88618347,-33.47734166,limpio,hard_negative,manual_visual_google_maps_satellite
1021,-70.62627034,-34.44427651,limpio,hard_negative,manual_visual_google_maps_satellite
1022,-70.33422994,-34.03803625,limpio,hard_negative,manual_visual_google_maps_satellite
1023,-70.02537186,-34.20536807,limpio,hard_negative,manual_visual_google_maps_satellite
1024,-70.33462681,-34.4745531,limpio,hard_negative,manual_visual_google_maps_satellite
1026,-70.00178202,-33.57318992,limpio,hard_negative,manual_visual_google_maps_satellite
1027,-70.35789322,-33.68184076,limpio,hard_negative,manual_visual_google_maps_satellite
1029,-70.59960216,-34.44651775,limpio,hard_negative,manual_visual_google_maps_satellite
1031,-69.99106768,-34.21443779,limpio,hard_negative,manual_visual_google_maps_satellite
1032,-70.25378762,-34.21677076,limpio,hard_negative,manual_visual_google_maps_satellite
1033,-69.97905706,-33.33300517,limpio,hard_negative,manual_visual_google_maps_satellite
1034,-70.21760681,-33.93197143,limpio,hard_negative,manual_visual_google_maps_satellite
1038,-70.17755427,-34.52756492,limpio,hard_negative,manual_visual_google_maps_satellite
1039,-69.97304383,-34.10440742,limpio,hard_negative,manual_visual_google_maps_satellite
1042,-69.98892497,-33.8599979,limpio,hard_negative,manual_visual_google_maps_satellite
1043,-69.85080153,-33.30868765,limpio,hard_negative,manual_visual_google_maps_satellite
1044,-71.02223243,-34.39467773,limpio,hard_negative,manual_visual_google_maps_satellite
1048,-70.03035255,-33.94324285,limpio,hard_negative,manual_visual_google_maps_satellite
1049,-70.42367866,-34.48171662,limpio,hard_negative,manual_visual_google_maps_satellite
1051,-70.10072961,-33.54399964,limpio,hard_negative,manual_visual_google_maps_satellite
1053,-70.34331662,-33.83697767,limpio,hard_negative,manual_visual_google_maps_satellite
1054,-69.98359239,-34.11225441,limpio,hard_negative,manual_visual_google_maps_satellite
1056,-69.94509256,-33.34602233,limpio,hard_negative,manual_visual_google_maps_satellite
1059,-69.98885935,-33.91528106,limpio,hard_negative,manual_visual_google_maps_satellite
1060,-69.9668285,-34.00773634,limpio,hard_negative,manual_visual_google_maps_satellite
1061,-69.86747277,-33.35810942,limpio,hard_negative,manual_visual_google_maps_satellite
1062,-70.08191295,-33.40998217,limpio,hard_negative,manual_visual_google_maps_satellite
1063,-70.80756081,-34.57352857,limpio,hard_negative,manual_visual_google_maps_satellite
1064,-70.68450928,-34.38324234,limpio,hard_negative,manual_visual_google_maps_satellite
1067,-70.09325526,-34.43382458,limpio,hard_negative,manual_visual_google_maps_satellite
1068,-70.20578744,-33.92597037,limpio,hard_negative,manual_visual_google_maps_satellite
1069,-70.10484874,-34.19948584,limpio,hard_negative,manual_visual_google_maps_satellite
1070,-71.31918678,-34.3210272,limpio,hard_negative,manual_visual_google_maps_satellite
1071,-70.14036819,-34.26159321,limpio,hard_negative,manual_visual_google_maps_satellite
1073,-69.9300862,-33.69762677,limpio,hard_negative,manual_visual_google_maps_satellite
1074,-69.99024309,-33.35176486,limpio,hard_negative,manual_visual_google_maps_satellite
1075,-70.30999289,-33.88162216,limpio,hard_negative,manual_visual_google_maps_satellite
1076,-70.62959675,-34.37685333,limpio,hard_negative,manual_visual_google_maps_satellite
